"Qubit","T1 (us)","T2 (us)","Frequency (GHz)","Anharmonicity (GHz)","Readout assignment error ","Prob meas0 prep1 ","Prob meas1 prep0 ","Readout length (ns)","ID error ","Z-axis rotation (rz) error ","√x (sx) error ","Pauli-X error ","ECR error ","Gate time (ns)","Operational"
"0","237.36364020705798","61.69883030137593","4.721900993314522","-0.31197865973435573","0.356201171875","0.529296875","0.18310546875","1300","0.0001282362534543664","0","0.0001282362534543664","0.0001282362534543664","","","true"
"1","336.39913815951826","336.24216097491245","4.815136585640555","-0.3097440319777085","0.27587890625","0.09228515625","0.45947265625","1300","0.0004210364105014598","0","0.0004210364105014598","0.0004210364105014598","1_0:0.00967508026334113","1_0:660","true"
"2","145.32893982504785","105.7275339954369","4.609652244377777","-0.3090875180776862","0.247314453125","0.171875","0.32275390625","1300","0.0010365801696041426","0","0.0010365801696041426","0.0010365801696041426","2_1:0.01757405071856616","2_1:660","true"
"3","328.58130446156446","401.6335047471614","4.875541331889611","-0.30968652168552707","0.22412109375","0.107421875","0.3408203125","1300","0.0001892734109235298","0","0.0001892734109235298","0.0001892734109235298","3_2:0.015351619225949464","3_2:660","true"
"4","226.28490752797998","171.4920610428953","4.818193075548114","-0.3103713081153928","0.28515625","0.216796875","0.353515625","1300","0.00014474909705773214","0","0.00014474909705773214","0.00014474909705773214","4_15:0.00547136290517769;4_3:0.0030257390717715604;4_5:0.004708516861834766","4_15:660;4_3:660;4_5:660","true"
"5","241.80981508529186","332.2090240393832","4.734145406860074","-0.3114518235315779","0.27392578125","0.08203125","0.4658203125","1300","0.000185405153357658","0","0.000185405153357658","0.000185405153357658","","","true"
"6","314.96743872600047","86.6309131874956","4.876259931344237","-0.30918835047116894","0.19482421875","0.23681640625","0.15283203125","1300","0.00018226815178444197","0","0.00018226815178444197","0.00018226815178444197","6_5:0.007407055654162886;6_7:0.005224140390708121","6_5:660;6_7:660","true"
"7","280.0514314179677","259.4161410557391","4.967510330951145","-0.30745739300983294","0.267822265625","0.14990234375","0.3857421875","1300","0.0003255801825383553","0","0.0003255801825383553","0.0003255801825383553","7_8:0.0041493751374495624","7_8:660","true"
"8","365.6820454448845","298.66022707790654","4.9023617472941785","-0.30837827664687645","0.275634765625","0.37548828125","0.17578125","1300","0.00011959855449011275","0","0.00011959855449011275","0.00011959855449011275","8_9:0.0067086491201749365","8_9:660","true"
"9","420.47787163484253","192.72102150573346","4.987238918839792","-0.3080310587566364","0.388427734375","0.01806640625","0.7587890625","1300","0.00015062285642412305","0","0.00015062285642412305","0.00015062285642412305","","","true"
"10","95.87805521936822","119.36590649705674","4.831533631170924","-0.3097434424405673","0.314453125","0.3330078125","0.2958984375","1300","0.0003712045285325217","0","0.0003712045285325217","0.0003712045285325217","10_9:0.009793512002736149;10_11:0.010294779885614336","10_9:660;10_11:660","true"
"11","63.361947250900705","89.27138285793974","4.972388590913118","-0.307214316560019","0.322265625","0.33984375","0.3046875","1300","0.000227471704608048","0","0.000227471704608048","0.000227471704608048","11_12:0.009639689223228887","11_12:660","true"
"12","313.93936592552654","171.71987829020873","4.936313627364827","-0.3079608272575031","0.30517578125","0.05859375","0.5517578125","1300","0.00023710966459655503","0","0.00023710966459655503","0.00023710966459655503","12_17:0.011176153298097458","12_17:660","true"
"13","242.51078149063403","108.31089096910648","5.005799751899595","-0.3067650398842775","0.281005859375","0.13671875","0.42529296875","1300","0.00027893522000191047","0","0.00027893522000191047","0.00027893522000191047","13_12:0.010888602232240085","13_12:660","true"
"14","321.8036001207407","111.37974687163236","4.90334528965202","-0.308419961199297","0.284423828125","0.556640625","0.01220703125","1300","0.00043699593706666593","0","0.00043699593706666593","0.00043699593706666593","14_0:0.005347975510777092;14_18:0.005692600684372662","14_0:660;14_18:660","true"
"15","223.2616823605161","41.69731939954444","4.947912435067453","-0.308052427832017","0.30517578125","0.2548828125","0.35546875","1300","0.0003040711379266878","0","0.0003040711379266878","0.0003040711379266878","15_22:0.007753410312573428","15_22:660","true"
"16","190.68616374773964","17.00064347226204","4.960342169048256","-0.3076594514774509","0.181884765625","0.078125","0.28564453125","1300","0.00024249114297827048","0","0.00024249114297827048","0.00024249114297827048","16_8:0.005602195910693053;16_26:0.006438578245032522","16_8:660;16_26:660","true"
"17","336.5350182257447","369.6431829693165","4.820811370867286","-0.30970435909943395","0.249755859375","0.01123046875","0.48828125","1300","0.00010876630387196381","0","0.00010876630387196381","0.00010876630387196381","17_30:0.005467780881164064","17_30:660","true"
"18","302.6503414115316","120.15767605225341","4.788132085308067","-0.31063598977187784","0.49169921875","0","0.9833984375","1300","0.00023786159145997547","0","0.00023786159145997547","0.00023786159145997547","18_19:0.004682875454981084","18_19:660","true"
"19","428.91738667555865","156.04618978677146","4.747015691078194","-0.31072395279331844","0.28662109375","0.2861328125","0.287109375","1300","0.0005826676147514999","0","0.0005826676147514999","0.0005826676147514999","","","true"
"20","367.66737387560835","277.7627307322256","4.8623447198339225","-0.3090978906556921","0.312744140625","0.2900390625","0.33544921875","1300","0.00010467252080972386","0","0.00010467252080972386","0.00010467252080972386","20_33:0.04378108567675082;20_19:0.004921937011453548","20_33:660;20_19:660","true"
"21","291.19074166476304","157.27710455518545","4.966495451956256","-0.30694839478531033","0.14111328125","0.08056640625","0.20166015625","1300","0.00013687643937721495","0","0.00013687643937721495","0.00013687643937721495","21_20:0.004243456583320593;21_22:0.0056730742760564","21_20:660;21_22:660","true"
"22","116.42443997892171","99.17934836878538","5.0381941938617425","-0.3065535436677073","0.306884765625","0.06787109375","0.5458984375","1300","0.00019973349080584213","0","0.00019973349080584213","0.00019973349080584213","22_23:0.007388434653670728","22_23:660","true"
"23","262.1135392965125","186.02363896199995","4.844978237008288","-0.309395699354676","0.24462890625","0.33154296875","0.15771484375","1300","0.0001801496994212563","0","0.0001801496994212563","0.0001801496994212563","","","true"
"24","230.84873319825118","119.6171321492539","5.100785844605598","-0.3054983979252499","0.243896484375","0.07568359375","0.412109375","1300","0.00018144245302284095","0","0.00018144245302284095","0.00018144245302284095","24_23:1;24_34:1","24_23:660;24_34:660","true"
"25","215.43562208361718","119.83237815137903","4.9452224893106935","-0.3084275156167526","0.46728515625","0.00244140625","0.93212890625","1300","0.00028188546836908327","0","0.00028188546836908327","0.00028188546836908327","25_24:1","25_24:660","true"
"26","257.4267808231306","212.63866272309852","4.8541335213041625","-0.30976922795032275","0.35107421875","0.17626953125","0.52587890625","1300","0.0003700763180577598","0","0.0003700763180577598","0.0003700763180577598","26_25:0.011480199416062986","26_25:660","true"
"27","326.91858935625186","202.52547398039093","4.747644796069844","-0.31027519414312993","0.341552734375","0.36572265625","0.3173828125","1300","0.0002533523230170887","0","0.0002533523230170887","0.0002533523230170887","27_26:0.007379348840539368","27_26:660","true"
"28","233.5303739726735","116.84713465892935","4.994356112888187","-0.3073714140177614","0.30517578125","0.01171875","0.5986328125","1300","0.00025273237106518935","0","0.00025273237106518935","0.00025273237106518935","28_27:0.008293902331363734;28_29:0.008615897120406724;28_35:0.007115334596323575","28_27:660;28_29:660;28_35:660","true"
"29","410.3649644919379","275.7409217514267","4.628644067846704","-0.3122408870668324","0.31201171875","0.4541015625","0.169921875","1300","0.00018011124865402667","0","0.00018011124865402667","0.00018011124865402667","","","true"
"30","299.4677886372152","65.91719016210824","4.73296402257627","-0.31090012417705765","0.2919921875","0.21337890625","0.37060546875","1300","0.00025347291120339705","0","0.00025347291120339705","0.00025347291120339705","30_29:0.006786269924166977;30_31:0.009285379873964938","30_29:660;30_31:660","true"
"31","241.20159284055998","41.70295992720501","4.79766693408324","-0.31025628620305007","0.30126953125","0.14404296875","0.45849609375","1300","0.0004478257888610722","0","0.0004478257888610722","0.0004478257888610722","31_32:0.004974124692429693","31_32:660","true"
"32","212.63560723886354","251.00740722995369","4.9103775830101055","-0.3078794303810588","0.2646484375","0.25634765625","0.27294921875","1300","0.00018392404422987245","0","0.00018392404422987245","0.00018392404422987245","32_36:0.00452150915612165","32_36:660","true"
"33","249.59170242141076","141.46581714723644","4.9731727688392695","-0.3075486854907048","0.334716796875","0.01611328125","0.6533203125","1300","0.00032445024829956136","0","0.00032445024829956136","0.00032445024829956136","33_39:0.01146464067308739","33_39:660","true"
"34","309.351472059932","124.38424607305018","4.678650055366279","-0.3124338462946453","0.226806640625","0.25732421875","0.1962890625","1300","0.000120986126706102","0","0.000120986126706102","0.000120986126706102","34_43:0.004036323528038288","34_43:660","true"
"35","321.62668559069306","149.2395284875202","4.907598555181926","-0.308301773576246","0.209228515625","0.068359375","0.35009765625","1300","0.000169386541325402","0","0.000169386541325402","0.000169386541325402","35_47:0.007252931367084714","35_47:660","true"
"36","365.70535666930215","332.796978452396","4.812305607345282","-0.31175120998201256","0.2392578125","0.4208984375","0.0576171875","1300","0.00010581042155886075","0","0.00010581042155886075","0.00010581042155886075","36_51:0.004611334287803859","36_51:660","true"
"37","164.8799753194794","112.42979786222051","4.837891138392249","-0.30886995110205334","0.253662109375","0.28466796875","0.22265625","1300","0.00015486030423637805","0","0.00015486030423637805","0.00015486030423637805","37_38:0.011672988781888827","37_38:660","true"
"38","62.738602119591306","66.34963775010226","4.776670060187193","-0.31016511917022377","0.315185546875","0.15478515625","0.4755859375","1300","0.0003827956587173373","0","0.0003827956587173373","0.0003827956587173373","","","true"
"39","240.61135748220678","136.60843869986712","4.917332332450121","-0.30824769981735706","0.31494140625","0.17138671875","0.45849609375","1300","0.00021316129730387798","0","0.00021316129730387798","0.00021316129730387798","39_38:0.012881721385535116","39_38:660","true"
"40","197.2720047408692","31.830186168778194","4.868227697092371","-0.30859152479413265","0.23046875","0.1337890625","0.3271484375","1300","0.0003988545951333187","0","0.0003988545951333187","0.0003988545951333187","40_41:0.0057499486174062975;40_39:0.0075905121185881885","40_41:660;40_39:660","true"
"41","258.41177358754567","286.39269781752535","4.935532678938938","-0.30862641143413133","0.38525390625","0.02880859375","0.74169921875","1300","0.0001613223476244171","0","0.0001613223476244171","0.0001613223476244171","41_53:0.0041699961581068146","41_53:660","true"
"42","285.8210657641116","173.988473649597","5.063940462860874","-0.3066601274184393","0.224365234375","0.2783203125","0.17041015625","1300","0.0001799355390710759","0","0.0001799355390710759","0.0001799355390710759","42_41:0.005469736705950912;42_43:0.00587548533267751","42_41:660;42_43:660","true"
"43","296.14127296227116","181.65374520334666","4.829563516825262","-0.3101290706249939","0.277587890625","0.400390625","0.15478515625","1300","0.00010912790446898848","0","0.00010912790446898848","0.00010912790446898848","43_44:0.009010473280392284","43_44:660","true"
"44","259.53566230434643","18.90448209683052","4.949160615829509","-0.3085061819189273","0.385498046875","0.02978515625","0.7412109375","1300","0.0003446775300066613","0","0.0003446775300066613","0.0003446775300066613","44_45:0.0070145609107299944","44_45:660","true"
"45","102.98731307735318","22.185769520600008","4.99949662185221","-0.35905492913025383","0.41650390625","0.7734375","0.0595703125","1300","0.000414771855982","0","0.000414771855982","0.000414771855982","","","true"
"46","259.4855788129871","199.90824186028425","4.853137301359764","-0.3093752065131216","0.3212890625","0.298828125","0.34375","1300","0.00022030176014171666","0","0.00022030176014171666","0.00022030176014171666","46_45:0.02105001077257962;46_47:0.005733276638827944","46_45:660;46_47:660","true"
"47","183.5799844383091","166.9900220978535","4.769543835817661","-0.3109329882546267","0.314208984375","0.06298828125","0.5654296875","1300","0.00019648868705815197","0","0.00019648868705815197","0.00019648868705815197","","","true"
"48","187.4305669864923","78.32156121187134","4.844173541309018","-0.3101551740988557","0.274169921875","0.0791015625","0.46923828125","1300","0.000300398503015008","0","0.000300398503015008","0.000300398503015008","48_47:0.00688097424855455;48_49:0.010849003887952346","48_47:660;48_49:660","true"
"49","252.58788102370627","61.84571646382248","4.697331130095594","-0.312183453636997","0.249755859375","0.33251953125","0.1669921875","1300","0.0002951376546788845","0","0.0002951376546788845","0.0002951376546788845","","","true"
"50","351.69855312292947","44.145938454789395","4.784040803435498","-0.31049210238863767","0.346435546875","0.0263671875","0.66650390625","1300","0.0003751554485621152","0","0.0003751554485621152","0.0003751554485621152","50_49:0.01258585042130489;50_51:0.010319844417477742","50_49:660;50_51:660","true"
"51","352.2986082948745","427.7017923979921","4.9311711903855935","-0.3079514036835037","0.3505859375","0.15478515625","0.54638671875","1300","0.0001631961387991997","0","0.0001631961387991997","0.0001631961387991997","","","true"
"52","242.3050374565585","221.62521963191054","4.915264484504412","-0.30801090653647334","0.2509765625","0.3466796875","0.1552734375","1300","0.00015074448407077705","0","0.00015074448407077705","0.00015074448407077705","52_37:0.006681334883173351;52_56:0.004675737835028004","52_37:660;52_56:660","true"
"53","277.92427697675714","246.96744380283764","4.99664962014051","-0.30683792833129964","0.21728515625","0.18212890625","0.25244140625","1300","0.0001459565958027835","0","0.0001459565958027835","0.0001459565958027835","53_60:0.01483331584596681","53_60:660","true"
"54","179.0278013840165","116.15836309106008","4.96956363940427","-0.3069935236147513","0.238037109375","0.24560546875","0.23046875","1300","0.00029348213983977856","0","0.00029348213983977856","0.00029348213983977856","54_64:0.008779467857360834;54_45:0.014264771416099109","54_64:660;54_45:660","true"
"55","309.7233513665834","132.2299780722065","4.837202970811737","-0.31038048092010345","0.45361328125","0.01025390625","0.89697265625","1300","0.0001936837862696074","0","0.0001936837862696074","0.0001936837862696074","55_68:0.004824637363152029;55_49:0.008314639251606748","55_68:660;55_49:660","true"
"56","338.4255263429401","173.37678570369002","4.814524642823523","-0.30974571553277236","0.283935546875","0.27197265625","0.2958984375","1300","0.00013914331704788802","0","0.00013914331704788802","0.00013914331704788802","56_57:0.004457187726413403","56_57:660","true"
"57","242.7686229003497","165.09768150106999","4.927642591277217","-0.30778611849622645","0.356201171875","0.1171875","0.59521484375","1300","0.0001588453935818682","0","0.0001588453935818682","0.0001588453935818682","57_58:0.004089274668776788","57_58:660","true"
"58","323.62445137200706","226.53409428950377","4.886985698393314","-0.30930018015034827","0.3388671875","0.61376953125","0.06396484375","1300","0.00013740804239300222","0","0.00013740804239300222","0.00013740804239300222","58_71:0.003793505876671155;58_59:0.004362509964770167","58_71:660;58_59:660","true"
"59","194.6546719435723","33.90688172280328","4.971232105346941","-0.30762691104199297","0.1640625","0.0888671875","0.2392578125","1300","0.00017952968176358642","0","0.00017952968176358642","0.00017952968176358642","59_60:0.013523855286671826","59_60:660","true"
"60","57.384204880258814","76.23807115620306","4.766260595415728","-0.31054248475500074","0.202880859375","0.06689453125","0.3388671875","1300","0.0011108317360208385","0","0.0011108317360208385","0.0011108317360208385","60_61:0.03249254079969344","60_61:660","true"
"61","274.16730744563193","147.01993633595538","4.793801426575835","-0.29056402780855567","0.310302734375","0.26953125","0.35107421875","1300","0.0005899469638502866","0","0.0005899469638502866","0.0005899469638502866","","","true"
"62","170.85598992853306","135.44542039864263","4.935221189170697","-0.3079921198487331","0.3583984375","0.076171875","0.640625","1300","0.00023925755353888873","0","0.00023925755353888873","0.00023925755353888873","62_72:0.00815670672187635;62_61:0.007097393735711721;62_63:0.013449417667278585","62_72:660;62_61:660;62_63:660","true"
"63","247.16215903801034","182.12866004414263","5.041625146924514","-0.30694631371315323","0.272216796875","0.212890625","0.33154296875","1300","0.0004689498635546181","0","0.0004689498635546181","0.0004689498635546181","63_64:0.009436058885353316","63_64:660","true"
"64","183.83120510299017","150.45278440070277","4.821568122714465","-0.30967161679000116","0.224853515625","0.17236328125","0.27734375","1300","0.00024544740146383926","0","0.00024544740146383926","0.00024544740146383926","","","true"
"65","163.62208448352476","74.50687850350296","4.95715834334871","-0.3075262411046977","0.27880859375","0.11962890625","0.43798828125","1300","0.0003137970869356355","0","0.0003137970869356355","0.0003137970869356355","65_64:0.00723778052607793;65_66:0.009370393884789274","65_64:660;65_66:660","true"
"66","209.8122223345578","130.74723847949622","4.885002710533329","-0.3091067496263565","0.17578125","0.2734375","0.078125","1300","0.00025328747353409967","0","0.00025328747353409967","0.00025328747353409967","","","true"
"67","272.47286817500805","169.72888234567532","5.113935811507176","-0.3058889857295697","0.0791015625","0.13037109375","0.02783203125","1300","0.0002709927858262156","0","0.0002709927858262156","0.0002709927858262156","67_68:0.006001432118204975;67_66:0.007893411904390746","67_68:660;67_66:660","true"
"68","183.57618119247172","27.411681615913707","4.743738787163904","-0.31111458963233274","0.385498046875","0.38720703125","0.3837890625","1300","0.00014733981641360953","0","0.00014733981641360953","0.00014733981641360953","","","true"
"69","199.83449784386397","131.25371375066263","5.117674122196898","-0.3044028997353383","0.199951171875","0.23681640625","0.1630859375","1300","0.00030420734188045496","0","0.00030420734188045496","0.00030420734188045496","69_68:0.007019674655738162;69_70:0.005549682905903297","69_68:660;69_70:660","true"
"70","227.77890493156306","137.7637743122808","4.89885838022416","-0.3082399407301921","0.314208984375","0.37158203125","0.2568359375","1300","0.00010810442321250955","0","0.00010810442321250955","0.00010810442321250955","","","true"
"71","319.01845719627016","302.91520733391764","4.788274283154685","-0.3094663460422399","0.244873046875","0.271484375","0.21826171875","1300","0.00014008271082943162","0","0.00014008271082943162","0.00014008271082943162","","","true"
"72","226.62089133921077","153.60883225980058","5.0591855803246455","-0.2985458699744989","0.29248046875","0.30029296875","0.28466796875","1300","0.00023317730874573852","0","0.00023317730874573852","0.00023317730874573852","","","true"
"73","309.614734960487","339.79977919682733","4.979586696784635","-0.307607369486609","0.412353515625","0.04833984375","0.7763671875","1300","0.00015248320938849867","0","0.00015248320938849867","0.00015248320938849867","73_66:0.006152475885402298","73_66:660","true"
"74","240.13576421611825","96.5535497918574","5.031458783561553","-0.3067427013413316","0.264892578125","0.0888671875","0.44091796875","1300","0.00034087888370680876","0","0.00034087888370680876","0.00034087888370680876","74_70:0.006170507520301072;74_89:0.013417524050258034","74_70:660;74_89:660","true"
"75","213.2516520462021","17.987336303313","5.006052104874081","-0.30673349842246334","0.372314453125","0.00390625","0.74072265625","1300","0.0002583000763509725","0","0.0002583000763509725","0.0002583000763509725","75_90:0.007429749190846435","75_90:660","true"
"76","282.85863560067384","51.10383719133277","4.83741332740325","-0.30948286299394656","0.27197265625","0.294921875","0.2490234375","1300","0.0001305779298500875","0","0.0001305779298500875","0.0001305779298500875","76_75:0.0075606202668678235","76_75:660","true"
"77","246.32970176433955","90.1851514353183","5.041931478923838","-0.30723078653018854","0.299072265625","0.21435546875","0.3837890625","1300","0.00021291186249573231","0","0.00021291186249573231","0.00021291186249573231","77_76:0.004923225080424032;77_78:0.02121429793329882;77_71:0.005432586541507245","77_76:660;77_78:780;77_71:660","true"
"78","273.4515659528223","57.095710306758555","4.64339994064128","-0.31230747337772335","0.291748046875","0.2177734375","0.36572265625","1300","0.00040351174195399304","0","0.00040351174195399304","0.00040351174195399304","","","true"
"79","296.02674749874967","75.21252016534278","4.863174033340553","-0.3092713261857367","0.275146484375","0.19091796875","0.359375","1300","0.00017686525679670294","0","0.00017686525679670294","0.00017686525679670294","79_78:0.012609573317777956;79_80:0.006396317738586288","79_78:660;79_80:660","true"
"80","233.99816948827763","281.1674163152898","5.031451554651588","-0.3072198090686745","0.338134765625","0.29248046875","0.3837890625","1300","0.00020068817132192648","0","0.00020068817132192648","0.00020068817132192648","80_81:0.007066516863751537","80_81:660","true"
"81","234.81054311430856","405.46913048422454","4.930433685473379","-0.30841914125984865","0.4873046875","0.001953125","0.97265625","1300","0.00014482671247986487","0","0.00014482671247986487","0.00014482671247986487","81_82:0.005109575480573114;81_72:0.005402662135784442","81_82:660;81_72:660","true"
"82","260.013612069745","283.18225304887045","4.89361623975718","-0.30897996872816896","0.19189453125","0.14990234375","0.23388671875","1300","0.00017029964410052552","0","0.00017029964410052552","0.00017029964410052552","82_83:0.005356946718440392","82_83:660","true"
"83","247.78528445094148","48.105960214779735","4.790694961649289","-0.31061744032224003","0.35400390625","0.6083984375","0.099609375","1300","0.00020718797957171693","0","0.00020718797957171693","0.00020718797957171693","83_92:0.006007359069653273","83_92:660","true"
"84","121.17448520813883","128.5832950024879","4.679678969708057","-0.31137294267603616","0.22119140625","0.10595703125","0.33642578125","1300","0.00029638943414948674","0","0.00029638943414948674","0.00029638943414948674","84_83:0.006027604300127554","84_83:660","true"
"85","338.78561428230336","213.60823834243635","5.104785758289611","-0.3061413803895981","0.292236328125","0.0791015625","0.50537109375","1300","0.000282058404533037","0","0.000282058404533037","0.000282058404533037","85_73:0.005002379287930514;85_84:0.08487700652025698;85_86:0.007184339347982183","85_73:660;85_84:660;85_86:660","true"
"86","171.23297796681737","113.20824046518062","4.898815339010208","-0.3083187869423004","0.33251953125","0.3046875","0.3603515625","1300","0.00032467831027038063","0","0.00032467831027038063","0.00032467831027038063","86_87:0.008452578927347021","86_87:660","true"
"87","203.8326374569645","190.5319393716354","4.9921048588689825","-0.307423102897223","0.309326171875","0.326171875","0.29248046875","1300","0.0005230109621604522","0","0.0005230109621604522","0.0005230109621604522","87_88:0.009634933931521927","87_88:660","true"
"88","133.40183787830688","134.61467871285674","5.099374860063907","-0.3058997453558384","0.30712890625","0.01220703125","0.60205078125","1300","0.00035894457039769765","0","0.00035894457039769765","0.00035894457039769765","88_89:0.012507890365405394","88_89:660","true"
"89","183.13139224311473","145.44612583056625","4.956494738981058","-0.3077261951848229","0.32177734375","0.0595703125","0.583984375","1300","0.000523641735704495","0","0.000523641735704495","0.000523641735704495","","","true"
"90","257.535648416033","45.794512823316424","4.90559960530165","-0.307867793738734","0.157470703125","0.1591796875","0.15576171875","1300","0.00014008177816635122","0","0.00014008177816635122","0.00014008177816635122","","","true"
"91","191.1241153987973","259.68368791104933","4.9145560088831886","-0.30850221183732857","0.169189453125","0.11669921875","0.2216796875","1300","0.0037175708664635987","0","0.0037175708664635987","0.0037175708664635987","91_79:0.019043154119550654","91_79:660","true"
"92","124.65685323055986","100.68930706146152","4.912101551691113","-0.308588011384664","0.2138671875","0.04541015625","0.38232421875","1300","0.00023247396252637032","0","0.00023247396252637032","0.00023247396252637032","92_102:0.006769973257982953","92_102:660","true"
"93","108.37667240510896","76.08661677237579","4.9641251164803935","-0.3073815906362206","0.23388671875","0.259765625","0.2080078125","1300","0.0007320063437123074","0","0.0007320063437123074","0.0007320063437123074","93_106:0.015962316788105224;93_87:0.02387048935275654","93_106:660;93_87:740","true"
"94","124.1075402193966","129.15068016263132","4.975879014663069","-0.3076458715160733","0.31640625","0.470703125","0.162109375","1300","0.0005974422108651007","0","0.0005974422108651007","0.0005974422108651007","94_95:0.013599625253711833;94_90:0.007405203056086496","94_95:660;94_90:660","true"
"95","217.01626049796326","116.66125467107076","4.838910407893297","-0.3098764431196092","0.5","0","1","1300","0.00028745960230694564","0","0.00028745960230694564","0.00028745960230694564","95_96:0.00953649140655416","95_96:660","true"
"96","181.36069207500492","47.81435260289831","4.747930116940567","-0.3109191907797597","0.334716796875","0.15673828125","0.5126953125","1300","0.00023700298475559995","0","0.00023700298475559995","0.00023700298475559995","","","true"
"97","151.74939539170683","109.27346390667091","4.816158085162844","-0.3095561501235201","0.28173828125","0.099609375","0.4638671875","1300","0.00020192718928705616","0","0.00020192718928705616","0.00020192718928705616","97_96:0.009168308228066135;97_98:0.010169711134442705","97_96:660;97_98:660","true"
"98","133.6636177982111","66.50712818103774","4.942911211920772","-0.308363471215884","0.271240234375","0.20849609375","0.333984375","1300","0.0005396570072273092","0","0.0005396570072273092","0.0005396570072273092","98_91:0.02609028118212381","98_91:660","true"
"99","185.12089184383834","192.14482528586592","5.060112152124229","-0.30553728570536653","0.275146484375","0.392578125","0.15771484375","1300","0.00021218055741874348","0","0.00021218055741874348","0.00021218055741874348","99_98:0.010459702969582207","99_98:660","true"
"100","169.60117079729594","148.79998353812155","4.905354251280862","-0.3084392241160231","0.2177734375","0.271484375","0.1640625","1300","0.00022773193425063386","0","0.00022773193425063386","0.00022773193425063386","100_110:0.007843008841661725;100_99:0.02754266320739701","100_110:660;100_99:660","true"
"101","159.32418730861076","228.66200632402112","5.065357893698731","-0.3063331480679172","0.27783203125","0.0830078125","0.47265625","1300","0.0002797791469143378","0","0.0002797791469143378","0.0002797791469143378","101_100:0.011801905271602908;101_102:0.008127959425626718","101_100:660;101_102:660","true"
"102","57.55329942204007","197.14043914940032","4.809694040159432","-0.30996470519230634","0.302734375","0.23974609375","0.36572265625","1300","0.00024263300804814282","0","0.00024263300804814282","0.00024263300804814282","102_103:0.007780583143440489","102_103:660","true"
"103","209.3018051610972","64.15917505768192","4.933454999812456","-0.30764620230723944","0.257080078125","0.11474609375","0.3994140625","1300","0.0002495579408878564","0","0.0002495579408878564","0.0002495579408878564","","","true"
"104","196.00270974545143","201.72922779796318","4.765568257013826","-0.31046094866074025","0.2158203125","0.15087890625","0.28076171875","1300","0.0003182050912313319","0","0.0003182050912313319","0.0003182050912313319","104_103:0.006586982175685319","104_103:660","true"
"105","172.88181040551603","76.72022463103579","4.982167110093152","-0.30759736332542964","0.44921875","0.00341796875","0.89501953125","1300","0.0003374007636920672","0","0.0003374007636920672","0.0003374007636920672","105_104:0.006470809384203302;105_106:0.009488889976961346","105_104:660;105_106:660","true"
"106","212.31513430948485","76.41781082723901","4.878175690100435","-0.309312950580174","0.252685546875","0.14111328125","0.3642578125","1300","0.0003459761337114003","0","0.0003459761337114003","0.0003459761337114003","","","true"
"107","232.05757076023198","66.09478774120876","4.9160337711026","-0.3080022405881546","0.319091796875","0.06005859375","0.578125","1300","0.0001975357780025499","0","0.0001975357780025499","0.0001975357780025499","107_106:0.009285637523427759","107_106:660","true"
"108","185.31255509050112","211.51898317877152","5.056206195024843","-0.3060067460745893","0.217041015625","0.0302734375","0.40380859375","1300","0.00017139993150997915","0","0.00017139993150997915","0.00017139993150997915","108_112:0.013436256521623946;108_107:0.005585242601629847","108_112:660;108_107:660","true"
"109","133.20088621016146","216.8448969790268","4.984965691539497","-0.3071158019842663","0.354736328125","0.25537109375","0.4541015625","1300","0.00025770405258163115","0","0.00025770405258163115","0.00025770405258163115","109_96:0.007611854520227335","109_96:660","true"
"110","143.1927299169035","59.37038661112164","4.830164555682112","-0.3090472310608016","0.26708984375","0.17626953125","0.35791015625","1300","0.0002773982632731454","0","0.0002773982632731454","0.0002773982632731454","110_118:0.006852915538440196","110_118:660","true"
"111","194.17882295352499","131.2993367624825","4.853183380045831","-0.30961255187582126","0.13671875","0.10595703125","0.16748046875","1300","0.00045182599282702447","0","0.00045182599282702447","0.00045182599282702447","111_104:0.008383952467293454","111_104:660","true"
"112","211.28061394582735","32.686597870593694","5.002440115066515","-0.3061965297474003","0.44140625","0.0009765625","0.8818359375","1300","0.0009618472587099189","0","0.0009618472587099189","0.0009618472587099189","112_126:0.009347895421566","112_126:660","true"
"113","264.0993302848857","201.44330004383139","5.031996426813882","-0.30676917589658537","0.296875","0.01220703125","0.58154296875","1300","0.0002259203761991709","0","0.0002259203761991709","0.0002259203761991709","113_114:0.005331409763197681","113_114:660","true"
"114","340.59412110967816","54.06061597339939","4.822459695416891","-0.30937991952553456","0.3916015625","0.35400390625","0.42919921875","1300","1","0","1","1","114_109:0.00978506496473186;114_115:0.007874184432056286","114_109:660;114_115:660","true"
"115","211.63445956038268","90.58467350717866","5.028012042297525","-0.3068193442669031","0.2783203125","0.2158203125","0.3408203125","1300","0.000458595284966949","0","0.000458595284966949","0.000458595284966949","","","true"
"116","339.10928002731043","416.8508007969646","4.912743745756221","-0.3082983947671616","0.273193359375","0.06884765625","0.4775390625","1300","0.00021911340349926465","0","0.00021911340349926465","0.00021911340349926465","116_115:0.009360701805329996;116_117:0.016382731817769947","116_115:660;116_117:660","true"
"117","263.4795085748552","254.6082295003757","4.833125164879743","-0.3092141826105853","0.260009765625","0.07666015625","0.443359375","1300","0.0007614270142982152","0","0.0007614270142982152","0.0007614270142982152","117_118:0.006955926520370803","117_118:660","true"
"118","238.25949314140564","171.69014576219712","4.7329689127837575","-0.3103162291505652","0.254150390625","0.0986328125","0.40966796875","1300","0.0001935513999035021","0","0.0001935513999035021","0.0001935513999035021","118_119:0.006435739068785418","118_119:660","true"
"119","139.31979335197113","133.29859791973288","4.80259109047344","-0.28980565670333075","0.328857421875","0.4873046875","0.17041015625","1300","0.0003691461768514954","0","0.0003691461768514954","0.0003691461768514954","","","true"
"120","135.24964156442906","174.4635959851835","4.8366138714997255","-0.3088294992030973","0.2666015625","0.25537109375","0.27783203125","1300","0.0002298490911650853","0","0.0002298490911650853","0.0002298490911650853","120_119:0.008738013522877508","120_119:660","true"
"121","256.9207832774546","254.96001145902164","4.967918473288439","-0.30831927501521805","0.33544921875","0.013671875","0.6572265625","1300","0.0008126696745485104","0","0.0008126696745485104","0.0008126696745485104","121_120:0.007041736435777157","121_120:660","true"
"122","150.8116756372379","143.59717773035507","4.937582506540743","-0.307131343243749","0.1884765625","0.18505859375","0.19189453125","1300","0.0002810075646073724","0","0.0002810075646073724","0.0002810075646073724","122_121:0.013731643067616484;122_123:0.022731430732016056;122_111:0.01281136761853019","122_121:660;122_123:660;122_111:660","true"
"123","243.08519397211438","138.3186173987807","5.0343273479630986","-0.3063945650809262","0.134033203125","0.09716796875","0.1708984375","1300","0.000772946447773845","0","0.000772946447773845","0.000772946447773845","","","true"
"124","284.07828334211524","235.8624711832347","4.949166980399966","-0.30728609162938675","0.19580078125","0.01220703125","0.37939453125","1300","0.00023721824689871459","0","0.00023721824689871459","0.00023721824689871459","124_123:0.01474049711937464","124_123:660","true"
"125","274.5959516834879","165.93893393884127","4.859117365988831","-0.3081939603922578","0.2021484375","0.06982421875","0.33447265625","1300","0.00028311957236184566","0","0.00028311957236184566","0.00028311957236184566","125_124:0.006106897917391552;125_126:0.006987771432886369","125_124:660;125_126:660","true"
"126","199.61838697924952","142.3237594129883","4.9082428334131984","-0.30857572639301106","0.2216796875","0.11767578125","0.32568359375","1300","0.0002221580659331605","0","0.0002221580659331605","0.0002221580659331605","","","true"